{
  "url": "https://www.law.cornell.edu/regulations/new-york/9-NYCRR-app-B-2",
  "title": "N.Y. Comp. Codes R. & Regs. tit. 9, Appendices, app B-2",
  "content": "N.Y. Comp. Codes R. & Regs. tit. 9, Appendices, app B-2\n\nState Regulations\n(\ncf. Part 60)\nCOUNTY CLOSING HOURS\nOFF-PREMISES CONSUMPTION\n(Package Stores)\n\nCounty\n\nAlbany\n\nSundays\n\nAll day\n\nWeekdays (Monday through Saturday) New Year's Day, Memorial Day, Independence Day, Labor Day and Thanksgiving Day\n9 p.m. to 9 a.m. 12 midnight to 10 a.m. 12 noon to 12\nmidnight\n\nAllegany\n\nWeekdays\n12 midnight to 8 a.m. Sundays\n\nAll day\n\nChristmas Day\n\nAll day\n\nBroome\n\nWeekdays\n12 midnight to 8 a.m. Sundays\n\nAll day\n\nChristmas Day\n\nAll day. If a Sunday, the next day thereafter\n\nCattaraugus\n\nWeekdays\n12 midnight to 8 a.m. Monday\n\nSaturdays\n12 midnight to 8 a.m. December 25\n\nAll day. If a Sunday, the next day thereafter\n\nCayuga\n\nWeekdays\n12 midnight to 8 a.m. Sundays\n\nAll day\n\nChristmas Day\n\nAll day. If a Sunday, the next day thereafter\n\nChautauqua\n\nWeekdays\n2 a.m. to 8 a.m. Sundays\n2 a.m. to 12 noon\n\nNew Year's Eve\n\nSales may be made to 4 a.m. Chemung\n\nWeekdays\n9 a.m. to 8 a.m., except from December 1 to December 31\ninclusive, 10 p.m. to 8 a.m. Sundays\n\nAll day\n\nDecember 25\n\nAll day. If a Sunday, the next day thereafter\n\nChenango\n\nWeekdays\n10 p.m. to 8 a.m. Sundays\n\nAll day\n\nClinton\n\nWeekdays\n12 midnight to 8 a.m. Sundays\n\nAll day\n\nChristmas Day\n\nAll day. If a Sunday, the next day thereafter\n\nColumbia\n\nWeekdays\n12 midnight to 8 a.m. Sundays\n\nAll day\n\nChristmas Eve\n\nClosing hour 10 p.m. Christmas Day\n\nAll day. If a Sunday, the next day thereafter\n\nCortland\n\nWeekdays\n12 midnight to 8 a.m. Sundays\n\nAll day\n\nChristmas Day\n\nAll day\n\nDelaware\n\nWeekdays\n\nAll day\n\nSundays\n\nAll day\n\nChristmas Day\n\nAll day\n\nDutchess\n\nWeekdays\n7 p.m. to 9 a.m. Saturdays\n7 p.m. to 9 a.m. Sundays\n\nAll day\n\nChristmas Day\n\nAll day. If a Sunday, the next day thereafter. Day before Thanksgiving Day\n10 p.m. to 9 a.m. December 18-24, December 31\n10 p.m. to 9 a.m. If a Sunday, closed all day. New Year's Day, Memorial Day, Independence Day, Labor Day\nand Thanksgiving Day\n10 a.m. to 9 a.m. Allowed to be open for one hour-from 9\na.m. to 10 a.m. Erie\n\nNo restrictions\n\nEssex\n\nWeekdays\n12 midnight to 8 a.m. Sundays\n\nAll day\n\nChristmas Eve\n\nNo sales after 11 p.m. Christmas Day\n\nAll day\n\nGood Friday\n12 noon to 3 p.m. Franklin\n\nWeekdays\n12 midnight to 8 a.m. Sundays\n2 a.m. to 1 p.m. Christmas Day\n\nAll day\n\nNew Year's Eve\n12 midnight to 8 a.m. Fulton\n\nWeekdays\n4 a.m. to 8 a.m. Sundays\n4 a.m. to 12 noon\n\nGenesee\n\nMonday-Saturday\n12 midnight to 8 a.m. Sundays\n\nAll day\n\nChristmas Day\n\nAll day. If a Sunday, the next day thereafter\n\nGreene\n\nWeekdays\n12 midnight to 8 a.m. Sundays\n\nAll day\n\nChristmas Day\n\nAll day\n\nHamilton\n\nWeekdays\n12 midnight to 8 a.m. Sundays\n\nAll day\n\nDecember 25\n\nAll day. If a Sunday, the next day thereafter\n\nHerkimer\n\nWeekdays\n12 midnight to 8 a.m. Sundays\n\nAll day\n\nChristmas Day\n\nAll day. If a Sunday, the next day thereafter\n\nJefferson\n\nWeekdays\n12 midnight to 8 a.m.-expires June 30, 1979. Sundays\n\nAll day-expires June 30, 1979. December 25\n\nAll day. If a Sunday: the next day thereafter-expires\n\nJune 30, 1979. Lewis\n\nWeekdays\n12 midnight to 8 a.m. Sundays\n\nAll day\n\nDecember 25\n\nAll day. If a Sunday: the next day thereafter\n\nLivingston\n\nWeekdays\n12 midnight to 8 a.m. Sundays\n12 midnight to 8 a.m. December 25\n\nAll day. If a Sunday: the next day thereafter\n\nMadison\n\nWeekdays\n10 p.m. to 9 a.m. Saturdays\n11 p.m. to 12 midnight\n\nMonroe\n\nWeekdays\n9 p.m. to 8 a.m. Sundays\n\nAll day\n\nDecember 25\n\nAll day. If a Sunday: the next day thereafter\n\nOn any day of a general or primary election during the\nhours when the polls are open\n\nMontgomery\n\nWeekdays\n\nMidnight to 8 a.m. Sundays\n\nAll day\n\nDecember 25\n\nAll day. If a Sunday, the next day thereafter\n\nNassau\n\nMonday, Tuesday, Wednesday\n8 p.m. to 8 a.m. of the following day, except if any such\nday is followed by a legal holiday, and the business days of the month of\n\nDecember, then the hours of such days will be 10 p.m. to 8 a.m. of the\nfollowing day\n\nThursday, Friday, Saturday\n10 p.m. to 8 a.m. of the following day\n\nSunday\n3 a.m. to 12 noon\n\nNiagara\n\nMonday-Saturday\n12 midnight to 8 a.m. Sundays\n\nAll day\n\nChristmas Day\n\nAll day. If a Sunday: the next day thereafter\n\nOneida\n\nWeekdays\n12 midnight to 9 a.m. Saturdays\n12 midnight to 9 a.m. Monday\n\nOnondaga\n\nMonday through Friday\n12 midnight to 9 a.m. of the following day\n\nSaturday\n12 midnight to 9 a.m. of the following Monday\n\nDecember 24\n10 p.m. to 8 a.m., except if a Sunday\n\nDecember 25\n\nAll day. If a Sunday: the next day thereafter\n\nDecember 31\n10 p.m. to 8 a.m., except if a Sunday\n\nOntario\n\nWeekdays\n12 midnight to 8 a.m. Sundays\n\nAll day\n\nChristmas Day\n\nAll day. If a Sunday: the next day thereafter\n\nOrleans\n\nMonday-Saturday\n12 midnight to 8 a.m. Sundays\n\nAll day\n\nChristmas Day\n\nAll day. If a Sunday, the next day thereafter. Oswego\n\nWeekdays\n9 p.m. to 8 a.m. Sundays\n\nAll day\n\nChristmas Day\n\nAll day\n\nOn any day of a general or primary election during the\nhours when the polls are open. Otsego\n\nWeekdays\n12 midnight to 8 a.m. Sundays\n\nAll day\n\nChristmas Day\n\nAll day\n\nOn any day of a general or primary election during the\nhours when the polls are open\n\nPutnam\n\nWeekdays\n12 midnight to 8 a.m. Sundays\n\nAll day\n\nChristmas Day\n\nAll day. If a Sunday: the next day thereafter\n\nRensselaer\n\nWeekdays (Monday through Saturday)\n9 p.m. to 9 a.m. Sundays\n\nAll day\n\nNew Year's Day, Memorial Day, Independence Day, Labor\n\nDay, Thanksgiving Day\n12 midnight to 10 a.m. 12 noon to 12 midnight\n\nRockland\n\nMondays to Thursdays inclusive\n(closing hours) 8 p.m. Fridays and Saturdays\n\nOn business day preceding Memorial Day, Independence Day, Labor Day and Thanksgiving Day\n(closing hours) 10 p.m. December 15 to December 31 inclusive Memorial Day, Independence Day, Labor Day, Thanksgiving Day, and New Year's Day\n(closing hours) 1 p.m. Sundays and Christmas Day\n\nNo sales\n\nOn any day of a general or primary election during the\nhours when the polls are open. The opening hour on all days on which sales are\npermitted according to law is 8 a.m. In any community where daylight saving\ntime is in effect, such time shall be deemed the standard time for the purpose\nof this resolution. St. Lawrence\n\nWeekdays\n12 midnight to 8 am. Saturdays\n12 midnight to 8 a.m. Monday\n\nOn any day of a general or primary election during the\nhours when the polls are open. Saratoga\n\nWeekdays\n12 midnight to 8 a.m. Sundays\n\nAll day\n\nDecember 25\n\nAll day. If a Sunday: the next day thereafter\n\nSchenectady\n\nWeekdays (Monday through Saturday) New Year's Day, Memorial Day, Independence Day, Labor Day, Thanksgiving Day\n9 p.m. to 9 a.m. 12 midnight to 9 a.m. 12 noon to 12\nmidnight\n\nSchoharie\n\nWeekdays\n12 midnight to 8 a.m. Sundays\n\nAll day\n\nChristmas Day\n\nAll day. If a Sunday: the next day thereafter\n\nSchuyler\n\nWeekdays\n12 midnight to 8 a.m. Sundays\n\nAll day\n\nChristmas Eve\n10 p.m. Christmas Day\n\nAll day\n\nSeneca\n\nWeekdays\n12 midnight to 8 a.m. Sundays\n\nAll day\n\nDec. 25th or day after if 25th falls on Sunday\n\nAll day\n\nSteuben\n\nWeekdays\n10 p.m. to 8 a.m. Sundays\n\nAll day\n\nChristmas Day\n\nAll day. If a Sunday: the next day thereafter\n\nGood Friday\n12 noon to 3 p.m. Suffolk\n\nMondays through Thursdays\n8 p.m. to 9 a.m. Fridays and Saturdays\n10 p.m. to 9 a.m. Sundays\n\nAll day\n\nThanksgiving Eve\n10 p.m. to 9 a.m. Entire month of December\n10 p.m. to 9 a.m. Sullivan\n\nWeekdays\n12 midnight to 8 a.m. Sundays\n\nAll day\n\nChristmas Day\n\nAll day. If a Sunday: the next day thereafter\n\nTioga\n\nWeekdays\n12 midnight to 8 a.m. Sundays\n\nAll day\n\nChristmas Day\n\nAll day\n\nTompkins\n\nWeekdays\n12 midnight to 8 a.m. Sunday\n\nAll day\n\nChristmas Day\n\nAll day\n\nUlster\n\nWeekdays\n12 midnight to 8 a.m. Sundays\n\nAll day\n\nDecember 25\n\nAll day. If a Sunday: the next day thereafter\n\nWarren\n\nWeekdays\n12 midnight to 8 a.m. Sundays\n\nAll day\n\nDecember 25\n\nAll day. If a Sunday: the next day thereafter\n\nWashington\n\nWeekdays\n3 a.m. to 8 a.m. Sundays\n3 a.m. to 12 noon\n\nGood Friday\n12 noon to 3 p.m. Wayne\n\nWeekdays\n12 midnight to 8 a.m. Sundays\n\nAll day\n\nChristmas Day\n\nAll day. If a Sunday: the Monday following Christmas\n\nWestchester\n*\nMonday, Tuesday, Wednesday, Thursday\n9 p.m. to 8 a.m. Friday, Saturday\n10 p.m. to 8 a.m. Sunday\n\nClosed all day\n*Weekday followed by legal holiday\n10 p.m. to 8 a.m. Yates\n\nWeekdays\n10 p.m. to 8 a.m. Sundays\n\nAll day\n\nDecember 25\n\nAll day. If a Sunday: the next day thereafter\n\nFootnotes\n* Weekday followed by legal\nholiday. Notes\nN.Y. Comp. Codes R. & Regs. tit. 9, Appendices, app\nB-2\n\nState regulations are updated quarterly; we currently have two versions available. Below is a\ncomparison between our most recent version and the prior quarterly release. More comparison features will be added as we have more versions to compare. No prior version found.",
  "url_type": "regulation",
  "source_index": 4999
}